2,home,Sloane the Salon - Hairdressers in Warrington,"Sloane the Salon is a hair salon in Warrington offering personalised cutting, colour and styling services in a relaxed, welcoming space.",home
2,salon,Sloane the Salon - Hairdressers in Warrington,"Sloane the Salon is a hair salon in Warrington offering personalised cutting, colour and styling services in a relaxed, welcoming space.",salon
2,team,Meet the Team at Sloane the Salon in Warrington,"Meet the experienced hair stylists at Sloane the Salon in Warrington. A talented team focused on personalised results, care and expert hairdressing.",team26
2,offers,Hair Salon Offers at Sloane The Salon Warrington,"Explore our latest hair salon offers at Sloane The Salon. From colour to cutting services, discover flexible options with experienced hair stylists in Warrington. ",oct_26
2,offers/graduatestylist,"Professional Results, Thoughtfully Priced",A Colour & Cut package with graduate stylist Becky for just £80,march26_graduate
2,offers/stylist,"Expert Colour, Beautifully Finished",A Colour & Cut package with an experienced stylist for just £100,march26_stylist
2,offers/beckyblowdry,A Little Hair Reset with Becky,"Book a blowdry and enjoy a complimentary personalised hair treatment, selected by our Graduate Stylist Becky to suit your hair’s specific needs. ",becky_blowdry
2,offers/general,Special Offers,Take advantage of our special offers with selected stylists for this month only!,offers_0323
2,offers/abi,A Special Offer with Abi,Looking for a new stylist? Abi is a member of the GHD Style Squad and produces amazing looks. Here's a special offer with her,abi_offer
2,offers/david-lauren,Special Offer with David & Lauren,"These two amazing stylists consistently produce outstanding looks
If you're considering a new stylist then take advantage of this great offer with either of them…",david_lauren_offer
2,offers/jo-brad-abi,"Special Offer with Jo, Brad & Abi","Three of our established stylists are looking to take on more new clients
If you're considering a new stylist then take advantage of this great offer with any of them…",jo_brad_abi_offer
2,offers/lauren,Special Offer with Lauren,Lauren has launched an amazing offer this month. Find out more…,lauren_offer_23
2,offers/jo,Special Offer with Jo,Take advantage of this incredible offer with our senior stylist Jo for new clients,jo_offer_23
2,offers/eve,25% Off with Eve,Our fast progressing stylist is offering new clients 25% off this month only,eve_offer_23
2,offers/newyear,Celebrate the New Year with a Fresh Look!,Treat yourself to a new look this new year and take advantage of our exclusive new client offer,new_year_offer_24
2,sms/newyear,Celebrate the New Year with a Fresh Look!,We’ve missed you! Treat yourself to a new look this new year and take advantage of our exclusive offer,new_year_sms_24
2,offers/spring,Celebrate the start of spring with a Fresh Look!,Treat yourself to a new look this spring and take advantage of our exclusive new client offer,spring_wide
2,offers/pk25,Special Autumn Offer,Treat yourself to the hair you’ve always wanted this Autumn and take advantage of our exclusive new client offer,aw24_wide
2,sms/spring,Celebrate the start of spring with a Fresh Look!,We’ve missed you! Treat yourself to a new look this spring and take advantage of our exclusive offer,spring_sms
2,offers/autumn,"25% OFF Autumn Appointments for new clients
","Transition seamlessly into the winter months with 25% OFF all services
",autumn_offer_23
2,offers/extensions,Special Offers on our Quality Hair Extensions,Treat yourself to the thick long hair you’ve always wanted this year and take advantage of our exclusive new extensions offer,extensions_24_wide
2,refer-a-friend,Refer a Friend to Sloane the Salon Hairdressers Warrington,"Refer a friend to Sloane the Salon in Warrington. Give £20, get £20 and enjoy expert colour, cutting and personalised hair.",refer26
2,blog,Sloane the Salon Blog Hair Advice in Warrington,"Explore the Sloane the Salon blog for hair advice, inspiration and insights from our experienced stylists in Warrington.",blog26
2,recruitment,Hair Salon Jobs Warrington Join the Team at Sloane the Salon,"Explore hair salon jobs in Warrington at Sloane the Salon. Join a supportive, creative environment for stylists looking to grow their career",recruitment_26
2,recruitment/stylist,Hair Stylist Jobs Warrington Join Sloane the Salon,"Apply for hair stylist jobs in Warrington at Sloane the Salon. Join a supportive, creative team focused on high quality hairdressing and growth",recruitment-stylist
2,recruitment/apprentice,Start a Hair Apprenticeship at Sloane The Salon Warrington,"Start your hairdressing career with an apprenticeship at Sloane the Salon in Warrington. Learn, grow and develop in a supportive salon environment",recruitment-apprentice26
2,reviews,Sloane the Salon Reviews Hair Dressers Warrington,Read reviews for Sloane the Salon in Warrington. See what clients say about our hair services and salon experience,reviews26
2,contact,Find Sloane the Salon in Warrington,"Find Sloane the Salon in Warrington, located opposite the Golden Gates. View our contact details, opening times and how to book your appointment.",contact_26
2,bookings,Book Your Appointment Online Sloane the Salon Warrington,"Book your appointment online at Sloane the Salon in Warrington. Expert colour, cutting and personalised hair services with our experienced team",bookings_26
2,prices,Hair Prices Sloane the Salon Warrington Instant Quote,"Get an instant hair quote from Sloane the Salon in Warrington. Use our quick price calculator to find your personalised price for a cut, colour or any service in minutes.",prices_26
2,gift-voucher,Hair Salon Gift Vouchers Available at Sloane the Salon,"Buy gift vouchers for Sloane the Salon in Warrington. Available as online vouchers or printed gift cards for a simple, thoughtful hair salon gift.",gift-voucher26
2,online-shop,Professional Haircare Products Available at Sloane the Salon,"Shop professional haircare from Sloane the Salon in Warrington. Discover salon brands including Schwarzkopf, Kevin Murphy, K18, Olaplex and more.
",online-shop26